symbol,entry_date,entry_price,initial_stop,shares,exit_date,exit_price,exit_reason,pnl,r_multiple
XOM,2023-10-10 04:00:00+00:00,111.085515,105.63241210388725,15.281819345961278,2023-10-11 04:00:00+00:00,105.5795958978353,initial_stop,-84.14046105275821,-1.0096855326330985
JPM,2024-04-22 04:00:00+00:00,186.082995,178.9245156973578,11.641206157091895,2024-05-20 04:00:00+00:00,195.83961071837794,trailing_stop,113.57877497316072,1.3629452996779283
MSFT,2024-04-23 04:00:00+00:00,404.5471725,390.3054713550271,5.851360907313304,2024-04-25 04:00:00+00:00,390.11031861934964,initial_stop,-84.47524242183181,-1.0137029090619816
NVDA,2024-04-23 04:00:00+00:00,808.7691824999999,730.0696014136797,1.0588789950728033,2024-06-10 04:00:00+00:00,1092.4601366257373,trailing_stop,300.3943924159055,3.604732708990865
MSFT,2024-05-02 04:00:00+00:00,397.85883,380.0299404779872,4.626680804055064,2024-05-31 04:00:00+00:00,410.5285377978175,trailing_stop,58.61869386114883,0.7106279828687346
META,2024-07-19 04:00:00+00:00,476.38307249999997,446.0509356694528,2.7473611173153256,2024-07-25 04:00:00+00:00,445.8279102016181,initial_stop,-83.94606483183345,-1.0073527779820015
MSFT,2024-07-29 04:00:00+00:00,432.205995,414.98560489790606,4.824209402644428,2024-07-31 04:00:00+00:00,414.7781120954571,initial_stop,-84.07575657628172,-1.0120492509878571
META,2024-07-29 04:00:00+00:00,470.665215,439.14479211830894,2.6171562797443433,2024-09-11 04:00:00+00:00,496.7659690452991,trailing_stop,68.30975235571707,0.8280584985571361
JPM,2024-08-07 04:00:00+00:00,203.58173999999997,193.62527341835286,8.48384518648092,2024-09-06 04:00:00+00:00,214.59224757294143,trailing_stop,93.41144167341116,1.1058649655126935
SPY,2024-08-09 04:00:00+00:00,530.0799075,510.90212749448807,4.3453065636055035,2024-09-06 04:00:00+00:00,542.2325234052007,trailing_stop,52.80684165784532,0.6336820998941438
GOOGL,2024-08-12 04:00:00+00:00,164.552235,155.1202868564691,8.835219624324308,2024-09-04 04:00:00+00:00,155.98473120606857,trailing_stop,-75.69577765161587,-0.9083493318193904
UNH,2024-10-17 04:00:00+00:00,560.25999,532.1726220276586,2.966932801086753,2024-11-18 05:00:00+00:00,587.0557275507498,trailing_stop,79.50115266863152,0.9540138320235783
XOM,2024-11-05 05:00:00+00:00,119.13954,114.47497885777122,17.684820974045635,2024-12-04 05:00:00+00:00,116.2114110450714,trailing_stop,-51.78343635683156,-0.6277394304943132
UNH,2024-12-10 05:00:00+00:00,562.1909549999999,530.3766616718867,2.644356861627297,2024-12-12 05:00:00+00:00,530.1114733410508,initial_stop,-84.82959744228917,-1.0083355090776636
JPM,2024-12-20 05:00:00+00:00,232.2310575,223.54277869593326,9.829707060024862,2025-02-20 05:00:00+00:00,267.0641955977728,trailing_stop,342.3995434824986,4.009210441252009
HD,2024-12-23 05:00:00+00:00,391.35558000000003,375.31619747890977,5.195544979599928,2025-02-03 05:00:00+00:00,402.6880712094315,trailing_stop,58.8784678095219,0.7065416137142627
AAPL,2025-01-16 05:00:00+00:00,237.53870999999998,228.12919798819217,8.856286407707438,2025-01-21 05:00:00+00:00,228.0151333891981,initial_stop,-84.34352209100518,-1.012122265092062
AAPL,2025-01-28 05:00:00+00:00,230.96542499999998,220.01539908705217,7.533306201118984,2025-03-05 05:00:00+00:00,231.59956356945852,trailing_stop,4.777160017670761,0.05791206107637685
HD,2025-02-26 05:00:00+00:00,396.26303249999995,378.9524345731469,4.848019598516835,2025-03-05 05:00:00+00:00,378.76295835586035,initial_stop,-84.84070242628653,-1.010945677213877
SPY,2025-03-03 05:00:00+00:00,596.47809,581.8170315762645,5.720010065176803,2025-03-04 05:00:00+00:00,581.5261230604764,initial_stop,-85.52540138826564,-1.0198422588179024
QQQ,2025-03-03 05:00:00+00:00,511.58066249999996,493.8116581608906,4.6898144512192905,2025-03-04 05:00:00+00:00,493.5647523318102,initial_stop,-84.49127585864484,-1.013895310303738
AMZN,2025-03-03 05:00:00+00:00,213.38163749999998,201.59678324910846,7.071223076605224,2025-03-04 05:00:00+00:00,201.4959848574839,initial_stop,-84.04610124627355,-1.0085532149552825
SPY,2025-03-06 05:00:00+00:00,575.7727424999999,558.4770007518415,4.799224511135361,2025-03-10 04:00:00+00:00,558.1977622514656,initial_stop,-84.34627599148567,-1.01614492771931
QQQ,2025-03-06 05:00:00+00:00,493.52663999999993,473.06151517018094,4.030682503072544,2025-03-10 04:00:00+00:00,472.8249844125959,initial_stop,-83.44180096078347,-1.0115577480983853
AMZN,2025-03-06 05:00:00+00:00,204.5022,191.4627376132621,6.326401340347598,2025-03-10 04:00:00+00:00,191.3670062444555,initial_stop,-83.09850738080208,-1.0073416653208016
META,2025-03-21 04:00:00+00:00,583.541625,535.0488515604804,1.7152446500572096,2025-03-31 04:00:00+00:00,558.8462421600556,trailing_stop,-42.35862329732923,-0.5092590315698198
META,2025-04-10 04:00:00+00:00,575.9228175,509.9251664430394,1.2538837769268032,2025-04-16 04:00:00+00:00,509.67020385981795,initial_stop,-83.07307742242365,-1.0038632069344622
JPM,2025-04-10 04:00:00+00:00,229.6497675,208.91150600218407,4.283253489882891,2025-07-08 04:00:00+00:00,282.1108786973523,trailing_stop,224.70423761919363,2.5296773889594024
META,2025-10-03 04:00:00+00:00,729.4495425,698.2456243345522,2.6253963610277586,2025-10-06 04:00:00+00:00,697.8965015223849,initial_stop,-82.83923896199036,-1.0111884286555346
META,2025-10-07 04:00:00+00:00,717.388515,684.0541161736701,2.4327500620080387,2025-10-30 04:00:00+00:00,705.320848930523,trailing_stop,-29.357615378812508,-0.36201841024188813
HD,2025-10-15 04:00:00+00:00,389.244525,377.0963585167885,6.838374424813123,2025-10-29 04:00:00+00:00,376.9078103375301,initial_stop,-84.36307403405114,-1.0155207108429845
MSFT,2025-11-28 05:00:00+00:00,487.613685,465.24686520668973,3.6766071816145853,2026-01-02 05:00:00+00:00,470.80581096580323,trailing_stop,-61.795950381801056,-0.7514646333057979
AAPL,2026-01-27 05:00:00+00:00,258.84936,248.69619031577724,8.129251482998189,2026-02-12 05:00:00+00:00,260.81134171089803,trailing_stop,15.94944273293325,0.19323834545450516
JPM,2026-01-27 05:00:00+00:00,301.5356925,288.56571576547793,7.021930353074927,2026-02-12 05:00:00+00:00,301.1031485439227,trailing_stop,-3.0372935342180756,-0.03334963238029335
QQQ,2026-02-09 05:00:00+00:00,607.74372,587.7853358213872,4.091213087913122,2026-03-19 04:00:00+00:00,587.4914431534766,initial_stop,-82.85638009453683,-1.0147252736133612
NVDA,2026-02-09 05:00:00+00:00,184.38214499999998,171.5698586681055,6.738631577610564,2026-02-27 05:00:00+00:00,178.2463027641327,trailing_stop,-41.34718024585181,-0.4789029902175156
GOOGL,2026-03-10 04:00:00+00:00,306.9534,289.89546719709773,4.840936853894016,2026-03-25 04:00:00+00:00,289.7505194634992,initial_stop,-83.27805838228278,-1.0084973797982062
SPY,2026-03-17 04:00:00+00:00,672.7111874999999,653.70668296262,4.32332686256085,2026-03-20 04:00:00+00:00,653.3798296211387,initial_stop,-83.57577880745814,-1.0171987299557539
GOOGL,2026-04-01 04:00:00+00:00,290.84034749999995,274.72482124905923,5.07235033471046,2026-06-01 04:00:00+00:00,374.7980411066652,trailing_stop,425.8628352672868,5.209739495895417
AMZN,2026-06-12 04:00:00+00:00,243.28158,228.86386851836627,5.663997878657038,2026-06-25 04:00:00+00:00,228.74943658410712,initial_stop,-82.31002947995708,-1.0079369000000402
AAPL,2026-06-29 04:00:00+00:00,286.833345,270.5748621448655,5.086401042260422,2026-07-31 04:00:00+00:00,315.92603386444483,trailing_stop,147.97708296227034,1.7893852165460333
GOOGL,2026-07-28 04:00:00+00:00,328.14399,304.8734602913044,3.695757011217951,2026-08-12 04:00:00+00:00,340.93966019249103,trailing_stop,47.28968782713138,0.5498658755374041
AMZN,2026-07-31 04:00:00+00:00,264.9324,250.4770386866421,5.592304834162925,2026-08-17 04:00:00+00:00,259.7540942985076,trailing_stop,-28.958664007229256,-0.3582273448057793
